"0","benefits <- read_csv(""data/benefits.csv"")
"
"1","[1mRows: [22m[34m4877[39m [1mColumns: [22m[34m19[39m
"
"1","[36mâ”€â”€[39m [1mColumn specification[22m [36mâ”€â”€â”€â”€â”€â”€â”€â”€â”€â”€â”€â”€â”€â”€â”€â”€â”€â”€â”€â”€â”€â”€â”€â”€â”€â”€â”€â”€â”€â”€â”€â”€â”€â”€â”€â”€â”€â”€â”€â”€â”€â”€â”€â”€â”€â”€â”€â”€â”€â”€â”€â”€â”€â”€â”€â”€â”€â”€â”€â”€â”€â”€â”€â”€â”€â”€â”€â”€â”€â”€â”€â”€â”€â”€â”€[39m
[1mDelimiter:[22m "",""
[31mchr[39m (11): joblost, nwhite, school12, sex, bluecol, smsa, married, dkids, dykids, head, ui
[32mdbl[39m  (8): X1, stateur, statemb, state, age, tenure, yrdispl, rr
"
"1","
[36mâ„¹[39m Use `spec()` to retrieve the full column specification for this data.
[36mâ„¹[39m Specify the column types or set `show_col_types = FALSE` to quiet this message.
"
